iter	RMSE
0	0.839053779
75	0.5945004905
150	0.5019787999
225	0.4625791628
300	0.4414007708
375	0.4276148679
450	0.4181483715
525	0.4108273643
600	0.4044502389
675	0.3990166517
750	0.393578831
825	0.3888674688
900	0.3844725088
975	0.380509985
999	0.3793948369
