iter	RMSE
0	0.8845316038
75	0.6405384706
150	0.5461029111
225	0.5044431872
300	0.4815772261
375	0.467120306
450	0.4564541037
525	0.4479989707
600	0.440624495
675	0.4345284633
750	0.4283975146
825	0.4230935172
900	0.4182505674
975	0.4133237647
999	0.4118073593
