iter	RMSE
0	0.839041925
75	0.5940680617
150	0.5017584842
225	0.4619404181
300	0.4409442013
375	0.4272787822
450	0.4177853576
525	0.4104600933
600	0.4043025379
675	0.398742322
750	0.3932721064
825	0.3886257888
900	0.3842047312
975	0.3801437466
999	0.3788074334
