iter	RMSE
0	0.8391586061
75	0.5941227067
150	0.5018702822
225	0.4625161406
300	0.4413628468
375	0.4279703508
450	0.4183270324
525	0.4112800455
600	0.4050542265
675	0.3992166306
750	0.3939276182
825	0.3894192065
900	0.3847832614
975	0.3808928254
999	0.3795057964
